{
    "filelist": [
        {
            "name": "E:\\xjs_zhzs\\上海徐靖雄\\hdlp\\test_7\\液化气市场周报121221.doc",
            "print": 24372509267274589,
            "level": 1
        }
    ],
    "keylist": [
        {
            "name": "上涨",
            "weight": 4.09,
            "print": 46991111089627709
        },
        {
            "name": "上行",
            "weight": 3.58,
            "print": 12344757633852237
        },
        {
            "name": "业者",
            "weight": 5.82,
            "print": 130894686662439672
        },
        {
            "name": "个别炼厂",
            "weight": 4.99,
            "print": 132497769264841231
        },
        {
            "name": "临近月底",
            "weight": 3.85,
            "print": 67212363480335319
        },
        {
            "name": "主力炼厂",
            "weight": 11.6,
            "print": 78675426679991089
        },
        {
            "name": "主流成交",
            "weight": 5.88,
            "print": 179852479939001918
        },
        {
            "name": "价格",
            "weight": 6.21,
            "print": 27820846972410191
        },
        {
            "name": "低价",
            "weight": 4.16,
            "print": 102053291888195978
        },
        {
            "name": "冲击民用气",
            "weight": 4.99,
            "print": 124865332911258312
        },
        {
            "name": "出现",
            "weight": 3.99,
            "print": 86024893719693908
        },
        {
            "name": "单位",
            "weight": 4.09,
            "print": 176565885910824060
        },
        {
            "name": "原料气",
            "weight": 4.68,
            "print": 51207828396050329
        },
        {
            "name": "反弹",
            "weight": 3.99,
            "print": 168886819627038429
        },
        {
            "name": "囤货",
            "weight": 5.27,
            "print": 7576742217722289
        },
        {
            "name": "国产气",
            "weight": 5.27,
            "print": 106959813489528213
        },
        {
            "name": "国内市场",
            "weight": 6.4,
            "print": 102112741531164980
        },
        {
            "name": "国内市场整体",
            "weight": 4.99,
            "print": 96994148163381653
        },
        {
            "name": "国际液化气",
            "weight": 3.74,
            "print": 40863151492745754
        },
        {
            "name": "国际液化气市场",
            "weight": 6.25,
            "print": 169791210120049465
        },
        {
            "name": "地区",
            "weight": 5.21,
            "print": 130046877389400230
        },
        {
            "name": "市场",
            "weight": 7.13,
            "print": 62384155250067797
        },
        {
            "name": "广石化",
            "weight": 6.66,
            "print": 60097192751597916
        },
        {
            "name": "库存",
            "weight": 4.42,
            "print": 54577101539485758
        },
        {
            "name": "库存压力",
            "weight": 4.17,
            "print": 149498149022264267
        },
        {
            "name": "开始",
            "weight": 4.61,
            "print": 80033089955565300
        },
        {
            "name": "心态",
            "weight": 4.91,
            "print": 51043700372671753
        },
        {
            "name": "成交",
            "weight": 4.83,
            "print": 123838691837865620
        },
        {
            "name": "排库",
            "weight": 5.27,
            "print": 35860197303120293
        },
        {
            "name": "提振",
            "weight": 5.06,
            "print": 169237927603875458
        },
        {
            "name": "止跌",
            "weight": 4.16,
            "print": 107808154647786675
        },
        {
            "name": "民用气",
            "weight": 8.87,
            "print": 1820744884704392
        },
        {
            "name": "氛围",
            "weight": 3.91,
            "print": 152757915748117804
        },
        {
            "name": "消费税",
            "weight": 3.58,
            "print": 13734408961551596
        },
        {
            "name": "液化气",
            "weight": 3.72,
            "print": 94059969753237373
        },
        {
            "name": "液化气市场",
            "weight": 5.07,
            "print": 110712661402683768
        },
        {
            "name": "火槽",
            "weight": 6.66,
            "print": 129826698449357473
        },
        {
            "name": "炼厂",
            "weight": 12.83,
            "print": 28342359475501721
        },
        {
            "name": "目标市场",
            "weight": 6.66,
            "print": 99355143535305827
        },
        {
            "name": "继续",
            "weight": 4.47,
            "print": 87021287714671
        },
        {
            "name": "芳构",
            "weight": 4.99,
            "print": 144735858961626820
        },
        {
            "name": "行情",
            "weight": 4.92,
            "print": 98604166353480199
        },
        {
            "name": "补货",
            "weight": 11.19,
            "print": 180913821739608685
        },
        {
            "name": "西南地区",
            "weight": 6.66,
            "print": 177739912279210456
        },
        {
            "name": "观望",
            "weight": 3.78,
            "print": 15150872326458092
        },
        {
            "name": "资源",
            "weight": 3.71,
            "print": 32093005225233918
        },
        {
            "name": "进口气",
            "weight": 4.99,
            "print": 24259312818269847
        },
        {
            "name": "阿美",
            "weight": 3.81,
            "print": 157796241266249637
        },
        {
            "name": "需求",
            "weight": 4.92,
            "print": 93459106158112628
        },
        {
            "name": "预计",
            "weight": 3.58,
            "print": 26549006142885657
        }
    ]
}